선행품목,후행품목,선행품목hs4,후행품목hs4,최적지연기간,ccf_value,pearson_corr,pearson_p,spearman_corr,spearman_p,mi_score,rolling_mean_corr,rolling_std_corr,stable,pearson_p_corrected
GMBFCMIU,DNMPSKTB,3003,2811,1,0.23989709574598828,-0.4817901306043877,0.0014254802478371894,-0.3639935290614467,0.01930916704210634,0.015650406504065018,-0.8261183680338305,0.06590808210354913,True,0.0028509604956743788
WPQXWHYO,TANNMIMB,2811,4302,1,0.31697118970741206,0.35607783640194385,0.022314847470099153,0.387891381312085,0.012214645694843599,0.11750678800219161,0.407735896012359,0.2253148715548556,True,0.022314847470099153
